Operating_Time_Hours;Temperature_Celcius;Vibration_mms;Filter_Pressure_kPa;Flow_Rate_Lpm;Rotational_Speed_RPM;Machine_Status
0;43.51;2.96;-0.87;1036.06;2001.49;Normal
1;43.23;2.85;1.44;1043.82;2015.11;Normal
2;43.88;2.76;-0.57;1050.29;2033.08;Normal
3;42.3;2.87;2.58;1054.49;2051.45;Normal
4;43.39;3.17;0.35;1061.49;2062.03;Normal
5;43.35;3.44;2.21;1071.61;2078.0;Normal
6;43.89;3.27;1.57;1083.98;2099.51;Normal
7;43.85;3.11;2.82;1089.08;2113.26;Normal
8;44.61;3.35;2.0;1093.09;2125.86;Normal
9;43.39;3.2;2.71;1105.36;2145.31;Normal
10;44.44;3.19;3.25;1098.62;2158.83;Normal
11;44.8;3.13;2.54;1122.4;2175.47;Normal
12;45.56;3.04;4.61;1118.67;2194.37;Normal
13;44.49;3.34;3.7;1132.05;2204.78;Normal
14;45.0;3.48;4.32;1136.93;2222.35;Normal
15;44.06;3.47;3.9;1144.18;2242.95;Normal
16;43.88;3.44;2.68;1162.0;2258.84;Normal
17;45.62;3.37;5.39;1163.52;2280.18;Normal
18;45.3;3.71;8.35;1174.86;2294.0;Normal
19;46.01;3.36;7.07;1181.39;2310.09;Normal
20;44.87;3.82;6.62;1191.65;2336.45;Normal
21;45.93;3.5;6.74;1198.25;2349.22;Normal
22;46.74;3.59;7.38;1201.04;2368.07;Normal
23;46.13;3.48;8.27;1218.43;2381.69;Normal
24;46.2;3.72;6.9;1220.78;2402.54;Normal
25;46.2;4.05;9.56;1224.88;2422.85;Normal
26;45.54;4.0;9.54;1237.78;2437.53;Normal
27;47.14;4.14;9.91;1253.92;2460.71;Normal
28;46.29;4.08;10.0;1259.78;2476.49;Normal
29;47.0;3.8;9.96;1263.49;2496.26;Normal
30;46.1;4.0;11.0;1272.01;2514.3;Normal
31;46.46;3.96;11.3;1280.69;2540.77;Normal
32;47.9;4.42;10.73;1298.89;2554.4;Normal
33;47.16;3.96;10.9;1300.75;2570.63;Normal
34;48.22;4.43;11.97;1309.6;2595.76;Normal
35;47.6;4.47;13.81;1320.7;2609.25;Normal
36;46.89;4.71;11.41;1326.27;2633.29;Normal
37;48.41;4.31;11.58;1333.03;2646.66;Normal
38;47.84;4.58;13.62;1342.07;2668.57;Normal
39;48.66;4.95;13.9;1351.39;2693.28;Normal
40;48.5;4.42;14.43;1360.38;2715.19;Normal
41;47.89;4.29;14.91;1372.31;2733.88;Normal
42;48.92;4.27;14.86;1378.51;2753.57;Normal
43;50.12;4.85;16.98;1390.15;2773.69;Normal
44;49.44;4.38;14.31;1395.84;2790.96;Normal
45;49.36;4.74;15.5;1405.44;2814.18;Normal
46;50.12;4.96;16.65;1406.13;2836.04;Normal
47;49.9;4.97;15.53;1426.79;2861.8;Normal
48;50.09;5.08;17.42;1433.53;2881.01;Normal
49;49.64;5.1;19.69;1444.44;2894.71;Normal
50;50.48;5.36;18.48;1427.05;2900.97;Normal
51;51.05;4.97;19.12;1445.19;2898.84;Normal
52;50.28;5.08;18.06;1434.47;2897.97;Normal
53;51.59;5.11;19.14;1437.66;2901.84;Normal
54;51.01;5.48;19.81;1427.26;2903.09;Normal
55;50.78;5.55;20.3;1432.07;2902.79;Normal
56;51.89;5.51;22.32;1423.61;2897.48;Normal
57;51.42;5.71;22.03;1423.52;2899.07;Normal
58;52.12;5.29;20.79;1431.87;2900.99;Normal
59;51.77;5.91;22.57;1421.65;2902.93;Normal
60;52.05;5.93;23.25;1421.48;2898.56;Normal
61;52.5;5.82;24.32;1422.29;2899.44;Normal
62;52.56;6.08;25.19;1418.99;2896.68;Normal
63;51.59;5.45;23.01;1415.81;2896.41;Normal
64;52.21;5.73;23.64;1414.88;2902.44;Normal
65;53.41;5.74;23.62;1421.23;2904.07;Normal
66;53.04;6.08;25.07;1409.59;2899.78;Normal
67;53.02;5.78;26.19;1408.82;2903.01;Normal
68;52.78;6.19;27.13;1410.43;2901.08;Normal
69;53.08;6.36;26.49;1408.85;2898.06;Normal
70;52.79;6.28;26.67;1407.39;2901.08;Normal
71;53.93;6.25;27.56;1403.39;2904.61;Normal
72;53.84;6.04;27.0;1394.48;2899.89;Normal
73;53.84;6.13;30.34;1403.78;2904.69;Normal
74;54.44;6.59;27.06;1390.87;2892.14;Bearing_Degradation
75;54.84;6.55;29.27;1394.88;2902.47;Bearing_Degradation
76;55.87;6.44;31.53;1388.86;2900.26;Bearing_Degradation
77;54.24;6.42;29.93;1389.82;2899.1;Normal
78;55.75;6.15;30.15;1389.61;2900.28;Bearing_Degradation
79;55.82;6.39;30.4;1387.79;2894.04;Bearing_Degradation
80;55.12;7.04;30.99;1386.4;2899.34;Bearing_Degradation
81;55.79;6.45;32.96;1389.37;2901.07;Bearing_Degradation
82;55.64;6.8;29.79;1382.94;2904.43;Bearing_Degradation
83;56.12;7.01;33.95;1378.37;2898.45;Bearing_Degradation
84;56.95;6.61;31.41;1381.42;2897.57;Bearing_Degradation
85;56.67;6.95;32.98;1380.53;2898.49;Bearing_Degradation
86;56.8;7.15;33.23;1369.07;2902.75;Bearing_Degradation
87;56.5;7.02;34.66;1374.59;2900.99;Bearing_Degradation
88;56.14;7.64;32.88;1373.21;2898.41;Bearing_Degradation
89;56.96;6.79;35.36;1367.44;2901.54;Bearing_Degradation
90;57.84;7.38;37.33;1372.34;2900.29;Bearing_Degradation
91;56.64;7.19;34.35;1364.46;2902.91;Bearing_Degradation
92;57.04;7.43;36.31;1363.78;2897.89;Bearing_Degradation
93;57.81;7.41;35.87;1360.8;2899.02;Bearing_Degradation
94;57.42;7.23;37.37;1359.77;2898.82;Bearing_Degradation
95;57.69;7.47;37.37;1353.54;2895.61;Bearing_Degradation
96;58.05;7.11;37.11;1350.39;2900.89;Bearing_Degradation
97;57.75;7.65;38.65;1360.75;2900.78;Bearing_Degradation
98;58.12;7.64;40.37;1349.2;2900.02;Bearing_Degradation
99;59.13;7.76;38.78;1346.84;2899.3;Bearing_Degradation
100;58.29;7.89;40.1;1340.42;2895.75;Bearing_Degradation
101;58.32;7.81;38.49;1344.69;2898.74;Bearing_Degradation
102;58.98;7.82;39.23;1340.18;2898.97;Bearing_Degradation
103;59.83;7.66;41.07;1350.26;2897.59;Bearing_Degradation
104;59.54;7.75;42.48;1345.96;2899.52;Bearing_Degradation
105;59.58;8.18;41.75;1337.39;2901.21;Bearing_Degradation
106;60.01;8.28;41.49;1347.37;2905.66;Bearing_Degradation
107;59.28;8.0;42.2;1340.52;2900.52;Bearing_Degradation
108;60.57;8.11;41.35;1333.51;2900.77;Bearing_Degradation
109;60.69;7.97;43.61;1323.04;2899.78;Bearing_Degradation
110;60.45;8.43;44.29;1340.43;2894.24;Bearing_Degradation
111;61.34;8.38;43.35;1323.93;2899.92;Bearing_Degradation
112;60.45;8.69;43.73;1321.14;2900.18;Bearing_Degradation
113;61.76;8.18;44.87;1330.04;2907.39;Bearing_Degradation
114;61.43;8.33;44.56;1333.94;2899.42;Bearing_Degradation
115;61.36;8.5;45.33;1327.94;2900.9;Bearing_Degradation
116;61.69;8.64;47.89;1322.89;2899.9;Bearing_Degradation
117;61.81;8.52;45.94;1321.24;2896.49;Bearing_Degradation
118;62.66;8.44;46.23;1320.5;2903.43;Bearing_Degradation
119;61.68;8.84;46.33;1318.36;2902.26;Bearing_Degradation
120;62.01;8.86;48.12;1314.68;2902.37;Bearing_Degradation
121;63.07;8.58;47.59;1312.21;2897.27;Bearing_Degradation
122;62.44;9.09;47.51;1309.77;2904.21;Bearing_Degradation
123;63.34;9.1;49.88;1305.23;2895.79;Bearing_Degradation
124;63.92;8.95;50.37;1305.37;2901.76;Bearing_Degradation
125;63.05;8.99;48.74;1297.95;2906.57;Bearing_Degradation
126;63.75;9.13;47.86;1302.57;2897.03;Bearing_Degradation
127;63.01;8.9;51.13;1297.24;2898.3;Bearing_Degradation
128;64.14;9.13;49.83;1295.02;2900.3;Bearing_Degradation
129;64.03;8.75;51.69;1298.38;2898.49;Bearing_Degradation
130;64.33;9.4;49.32;1301.47;2895.35;Bearing_Degradation
131;63.95;8.97;52.57;1297.81;2900.21;Bearing_Degradation
132;63.61;9.63;50.86;1286.1;2896.81;Bearing_Degradation
133;64.87;9.32;53.19;1286.65;2901.42;Bearing_Degradation
134;63.75;9.39;52.86;1292.61;2897.24;Bearing_Degradation
135;64.81;9.36;52.28;1283.16;2904.65;Bearing_Degradation
136;65.6;9.48;53.21;1284.43;2897.65;Bearing_Degradation
137;65.4;9.87;54.69;1285.77;2899.03;Bearing_Degradation
138;66.45;9.15;54.49;1277.94;2902.44;Bearing_Degradation
139;66.15;9.95;55.35;1280.47;2896.31;Bearing_Degradation
140;65.49;9.81;57.13;1272.96;2900.68;Bearing_Degradation
141;66.01;9.56;53.97;1274.13;2903.92;Bearing_Degradation
142;66.13;9.63;57.54;1276.06;2895.18;Bearing_Degradation
143;65.54;10.24;56.41;1266.66;2900.55;Bearing_Degradation
144;66.04;9.76;55.79;1273.03;2900.78;Bearing_Degradation
145;66.4;9.77;55.74;1269.43;2902.35;Bearing_Degradation
146;65.82;10.28;57.26;1269.97;2896.29;Bearing_Degradation
147;67.04;10.17;58.75;1266.91;2896.04;Bearing_Degradation
148;67.07;9.97;58.08;1269.71;2901.57;Bearing_Degradation
149;66.53;10.25;60.1;1263.0;2900.89;Bearing_Degradation
150;67.74;10.06;57.51;1259.03;2900.75;Bearing_Degradation
151;68.07;10.53;59.33;1259.48;2901.04;Bearing_Degradation
152;67.99;10.58;58.47;1259.41;2897.96;Bearing_Degradation
153;67.89;10.52;60.46;1255.69;2900.7;Bearing_Degradation
154;68.52;10.54;61.36;1253.9;2900.88;Bearing_Degradation
155;68.73;10.87;60.43;1249.18;2897.86;Bearing_Degradation
156;68.73;10.57;58.62;1247.59;2905.6;Bearing_Degradation
157;68.33;10.39;61.8;1242.88;2901.42;Bearing_Degradation
158;69.04;10.76;62.41;1253.74;2896.43;Bearing_Degradation
159;69.68;11.14;62.75;1240.02;2901.97;Bearing_Degradation
160;68.95;10.57;63.96;1240.48;2897.08;Bearing_Degradation
161;70.48;10.76;62.03;1238.63;2902.36;Bearing_Degradation
162;69.34;10.96;64.15;1243.34;2903.48;Bearing_Degradation
163;69.78;10.92;65.03;1236.83;2897.54;Bearing_Degradation
164;69.61;10.79;62.43;1241.25;2902.89;Bearing_Degradation
165;70.23;11.26;64.9;1231.83;2901.24;Bearing_Degradation
166;69.42;11.55;64.45;1233.89;2902.47;Bearing_Degradation
167;70.19;11.18;65.24;1227.69;2905.69;Bearing_Degradation
168;70.08;11.01;66.04;1237.87;2899.26;Bearing_Degradation
169;70.86;10.93;65.57;1222.8;2897.74;Bearing_Degradation
170;71.46;11.34;65.75;1227.04;2897.33;Bearing_Degradation
171;71.46;11.56;66.83;1226.6;2897.55;Bearing_Degradation
172;70.13;11.49;66.08;1223.98;2899.77;Bearing_Degradation
173;72.51;11.45;66.45;1219.84;2901.02;Bearing_Degradation
174;71.81;11.38;68.58;1218.32;2900.83;Bearing_Degradation
175;71.45;11.33;67.12;1217.28;2902.48;Bearing_Degradation
176;72.08;11.77;69.3;1214.77;2900.04;Bearing_Degradation
177;72.27;11.84;69.46;1217.48;2904.36;Bearing_Degradation
178;72.01;11.39;67.63;1220.72;2899.21;Bearing_Degradation
179;72.63;12.08;69.04;1207.92;2908.16;Bearing_Degradation
180;72.39;11.92;71.28;1202.93;2901.88;Bearing_Degradation
181;72.65;12.14;69.47;1206.32;2897.43;Bearing_Degradation
182;72.68;11.64;70.34;1215.26;2896.79;Bearing_Degradation
183;72.49;11.69;71.63;1199.99;2901.45;Bearing_Degradation
184;73.45;11.98;72.31;1208.03;2899.33;Bearing_Degradation
185;73.84;12.17;71.64;1206.44;2902.14;Bearing_Degradation
186;73.98;12.48;71.65;1195.79;2901.42;Bearing_Degradation
187;74.3;12.31;74.03;1198.55;2899.78;Bearing_Degradation
188;74.22;12.17;74.71;1201.04;2897.46;Bearing_Degradation
189;73.96;12.06;74.31;1191.28;2895.46;Bearing_Degradation
190;74.82;12.57;73.77;1190.26;2898.66;Bearing_Degradation
191;73.9;12.18;73.24;1187.01;2902.57;Bearing_Degradation
192;74.3;12.75;73.57;1183.55;2900.64;Bearing_Degradation
193;74.43;12.42;75.28;1183.28;2896.26;Bearing_Degradation
194;75.63;12.85;75.53;1179.25;2900.52;Bearing_Degradation
195;75.74;12.72;76.87;1182.56;2901.16;Bearing_Degradation
196;75.68;12.6;76.47;1177.61;2897.35;Bearing_Degradation
197;76.14;12.58;74.67;1179.9;2900.46;Bearing_Degradation
198;75.34;12.67;77.58;1171.01;2900.17;Bearing_Degradation
199;76.12;12.87;75.89;1176.83;2896.57;Bearing_Degradation
200;76.06;12.85;76.85;1177.11;2901.07;Bearing_Degradation
201;76.72;12.77;77.84;1164.08;2901.68;Bearing_Degradation
202;76.41;12.91;79.94;1171.83;2903.25;Bearing_Degradation
203;76.45;13.01;81.4;1173.51;2903.16;Bearing_Degradation
204;77.07;12.62;79.25;1162.04;2895.87;Bearing_Degradation
205;77.42;13.18;78.81;1171.84;2897.19;Bearing_Degradation
206;76.82;12.95;79.88;1165.11;2901.55;Bearing_Degradation
207;77.3;12.97;80.58;1158.89;2901.54;Bearing_Degradation
208;76.97;12.91;79.72;1159.77;2901.55;Bearing_Degradation
209;76.44;12.95;82.18;1160.49;2911.56;Bearing_Degradation
210;77.94;13.08;80.96;1156.84;2901.71;Bearing_Degradation
211;78.32;13.26;81.58;1156.98;2903.41;Bearing_Degradation
212;78.32;13.85;82.09;1149.42;2902.86;Bearing_Degradation
213;77.38;13.4;82.19;1152.06;2901.95;Bearing_Degradation
214;78.35;13.59;82.96;1144.01;2899.05;Bearing_Degradation
215;77.59;13.69;81.85;1147.5;2902.28;Bearing_Degradation
216;79.55;13.69;82.25;1142.6;2897.68;Bearing_Degradation
217;78.5;13.7;82.05;1141.57;2899.29;Bearing_Degradation
218;79.84;13.52;83.93;1147.73;2898.54;Bearing_Degradation
219;79.86;14.11;84.62;1145.44;2900.25;Bearing_Degradation
220;79.12;14.23;84.64;1141.8;2906.94;Bearing_Degradation
221;79.15;13.58;86.2;1133.27;2894.4;Bearing_Degradation
222;80.08;13.77;84.86;1134.66;2902.06;Bearing_Degradation
223;79.64;13.96;85.87;1139.06;2895.16;Bearing_Degradation
224;80.29;13.88;84.45;1133.07;2898.58;Bearing_Degradation
225;80.18;14.23;85.5;1140.06;2903.27;Bearing_Degradation
226;79.7;14.03;86.92;1130.64;2900.19;Bearing_Degradation
227;79.64;14.66;87.41;1128.13;2896.77;Bearing_Degradation
228;81.04;14.52;86.61;1124.4;2897.85;Bearing_Degradation
229;80.83;14.37;87.17;1124.46;2902.04;Bearing_Degradation
230;81.0;14.59;86.06;1121.61;2897.81;Bearing_Degradation
231;81.8;14.66;87.55;1123.34;2900.65;Bearing_Degradation
232;82.21;14.37;89.14;1122.63;2900.14;Bearing_Degradation
233;81.65;14.37;89.16;1113.95;2898.05;Bearing_Degradation
234;81.8;14.61;89.42;1110.06;2906.43;Bearing_Degradation
235;82.39;14.81;89.3;1106.33;2901.9;Bearing_Degradation
236;81.62;14.72;89.59;1114.0;2893.92;Bearing_Degradation
237;82.59;14.43;89.26;1105.85;2900.56;Bearing_Degradation
238;82.92;14.63;90.95;1099.94;2898.01;Bearing_Degradation
239;83.17;14.83;91.01;1108.39;2902.56;Bearing_Degradation
240;82.02;14.88;91.41;1115.11;2897.62;Bearing_Degradation
241;82.78;15.34;90.72;1103.41;2899.66;Bearing_Degradation
242;82.9;14.72;89.43;1105.08;2901.51;Bearing_Degradation
243;83.56;15.15;93.01;1100.35;2902.6;Bearing_Degradation
244;83.91;15.4;91.76;1097.92;2896.4;Bearing_Degradation
245;84.6;15.61;91.71;1100.3;2899.0;Bearing_Degradation
246;83.77;15.13;93.59;1093.75;2898.58;Bearing_Degradation
247;83.94;15.36;92.84;1094.28;2898.04;Bearing_Degradation
248;84.95;15.43;94.62;1092.8;2905.3;Bearing_Degradation
249;84.69;15.4;94.5;1087.14;2901.21;Bearing_Degradation
250;85.34;15.39;94.89;1092.08;2896.22;Bearing_Degradation
251;85.03;15.55;93.17;1085.71;2902.75;Bearing_Degradation
252;84.49;15.01;96.08;1081.69;2906.37;Bearing_Degradation
253;84.56;15.71;95.45;1085.16;2903.1;Bearing_Degradation
254;84.61;15.64;95.14;1077.72;2895.44;Bearing_Degradation
255;85.9;15.63;95.98;1079.72;2898.55;Bearing_Degradation
256;86.34;16.13;94.39;1077.87;2903.8;Bearing_Degradation
257;86.83;15.64;96.89;1080.56;2897.88;Bearing_Degradation
258;86.51;15.75;95.78;1076.42;2901.33;Bearing_Degradation
259;86.84;16.28;95.78;1072.72;2902.32;Bearing_Degradation
260;86.13;15.76;95.93;1074.4;2897.22;Bearing_Degradation
261;86.02;15.87;98.89;1074.99;2899.82;Bearing_Degradation
262;87.18;16.0;97.47;1069.97;2890.28;Bearing_Degradation
263;87.15;16.25;99.95;1066.08;2896.93;Bearing_Degradation
264;87.17;16.18;98.2;1059.1;2899.24;Bearing_Degradation
265;87.47;15.93;97.35;1058.4;2896.26;Bearing_Degradation
266;87.63;16.13;98.26;1059.74;2904.9;Bearing_Degradation
267;88.26;16.17;100.93;1056.83;2895.71;Bearing_Degradation
268;88.45;16.32;99.85;1056.83;2898.68;Bearing_Degradation
269;88.25;16.48;99.78;1056.12;2900.39;Bearing_Degradation
270;88.58;16.53;100.8;1056.32;2904.32;Bearing_Degradation
271;88.57;16.14;101.46;1052.23;2895.69;Bearing_Degradation
272;88.26;16.76;102.39;1052.77;2903.49;Bearing_Degradation
273;89.04;16.65;103.04;1049.39;2900.03;Bearing_Degradation
274;88.13;16.92;101.55;1039.54;2897.06;Bearing_Degradation
275;89.53;16.79;100.89;1041.99;2901.39;Bearing_Degradation
276;88.58;16.97;102.12;1043.48;2900.6;Bearing_Degradation
277;89.49;16.9;103.11;1037.54;2898.2;Bearing_Degradation
278;89.1;17.13;102.2;1043.09;2900.21;Bearing_Degradation
279;89.97;17.01;102.51;1045.12;2898.84;Bearing_Degradation
280;89.85;16.94;104.13;1042.2;2900.34;Bearing_Degradation
281;89.24;17.47;104.05;1034.78;2901.99;Bearing_Degradation
282;90.42;17.24;104.44;1039.91;2904.76;Bearing_Degradation
283;90.08;17.23;103.96;1032.85;2896.29;Bearing_Degradation
284;91.0;16.91;104.79;1029.23;2906.4;Bearing_Degradation
285;90.71;16.96;104.41;1026.45;2894.14;Bearing_Degradation
286;91.09;17.33;106.53;1026.0;2899.54;Bearing_Degradation
287;90.59;17.35;106.99;1023.98;2901.76;Bearing_Degradation
288;90.94;17.25;104.41;1024.53;2900.84;Bearing_Degradation
289;91.18;17.45;105.64;1022.81;2898.13;Bearing_Degradation
290;92.01;17.79;105.38;1020.5;2899.38;Bearing_Degradation
291;92.59;17.66;106.53;1020.56;2898.52;Bearing_Degradation
292;91.52;17.35;107.4;1021.89;2898.23;Bearing_Degradation
293;92.64;17.61;106.34;1019.25;2902.55;Bearing_Degradation
294;91.18;17.52;107.17;1007.83;2901.07;Bearing_Degradation
295;91.84;17.65;107.39;1001.87;2897.92;Bearing_Degradation
296;92.14;17.7;108.91;1014.16;2902.7;Bearing_Degradation
297;92.11;17.74;109.07;1003.27;2900.92;Bearing_Degradation
298;92.17;17.64;108.59;1006.16;2902.44;Bearing_Degradation
299;93.34;17.91;109.79;1000.71;2901.89;Bearing_Degradation
300;93.19;17.88;109.36;996.5;2897.51;Bearing_Degradation
301;93.66;17.45;109.94;1004.21;2898.32;Bearing_Degradation
302;93.99;18.5;112.19;1003.4;2902.24;Bearing_Degradation
303;93.95;18.36;112.15;996.38;2901.83;Bearing_Degradation
304;94.31;18.12;109.81;986.65;2899.94;Bearing_Degradation
305;94.12;18.25;112.24;993.16;2900.35;Bearing_Degradation
306;93.74;18.07;112.52;995.24;2903.83;Bearing_Degradation
307;95.03;18.69;110.86;986.08;2898.23;Bearing_Degradation
308;94.38;18.78;113.12;991.06;2901.64;Bearing_Degradation
309;94.37;18.48;114.14;988.59;2899.39;Bearing_Degradation
310;94.92;18.71;111.78;989.3;2899.35;Bearing_Degradation
311;94.74;18.59;112.28;985.79;2903.3;Bearing_Degradation
312;95.15;18.34;114.51;979.75;2902.48;Bearing_Degradation
313;95.71;18.58;114.06;986.76;2902.44;Bearing_Degradation
314;95.88;18.74;114.63;979.67;2903.92;Bearing_Degradation
315;95.42;18.67;114.72;978.53;2900.06;Bearing_Degradation
316;95.8;18.77;115.06;973.24;2902.05;Bearing_Degradation
317;96.75;18.85;113.64;973.53;2899.07;Bearing_Degradation
318;96.64;18.9;116.3;970.1;2900.97;Bearing_Degradation
319;97.6;18.98;116.72;971.28;2899.61;Bearing_Degradation
320;97.32;18.81;115.61;977.15;2900.29;Bearing_Degradation
321;97.48;18.93;116.09;963.15;2901.79;Bearing_Degradation
322;96.38;18.86;114.89;960.52;2897.55;Bearing_Degradation
323;97.64;19.37;117.22;971.2;2906.28;Bearing_Degradation
324;97.39;18.8;117.57;962.81;2896.98;Bearing_Degradation
325;97.31;19.51;117.23;959.31;2896.36;Bearing_Degradation
326;97.85;19.61;118.7;964.48;2903.47;Bearing_Degradation
327;98.41;19.32;117.53;956.24;2902.37;Bearing_Degradation
328;98.36;18.91;118.72;964.3;2901.87;Bearing_Degradation
329;97.84;19.41;117.42;958.05;2901.89;Bearing_Degradation
330;98.82;19.52;118.7;951.73;2899.96;Bearing_Degradation
331;98.3;19.38;118.84;960.65;2897.31;Bearing_Degradation
332;98.9;19.53;119.52;947.94;2900.23;Bearing_Degradation
333;98.81;19.99;119.21;951.67;2897.97;Bearing_Degradation
334;99.03;19.88;119.74;948.24;2902.93;Bearing_Degradation
335;99.69;19.61;120.98;950.59;2899.56;Bearing_Degradation
336;98.96;19.52;120.0;949.97;2897.52;Bearing_Degradation
337;100.62;19.83;119.11;942.2;2899.04;Bearing_Degradation
338;98.91;19.9;122.75;937.4;2901.24;Bearing_Degradation
339;99.69;20.1;122.66;940.59;2898.31;Bearing_Degradation
340;100.35;19.94;120.27;934.39;2897.53;Bearing_Degradation
341;100.63;20.2;122.54;943.5;2900.73;Bearing_Degradation
342;100.46;20.54;121.62;934.34;2900.73;Bearing_Degradation
343;100.65;20.37;122.67;930.67;2898.48;Bearing_Degradation
344;101.06;20.25;122.98;931.22;2898.59;Bearing_Degradation
345;100.91;20.27;122.73;923.44;2900.7;Bearing_Degradation
346;101.89;20.29;122.46;923.29;2895.66;Bearing_Degradation
347;101.78;20.64;122.83;930.33;2895.78;Bearing_Degradation
348;101.97;20.34;122.88;921.25;2897.84;Bearing_Degradation
349;101.23;20.52;123.25;918.03;2899.36;Bearing_Degradation
350;101.85;20.58;124.29;922.72;2900.93;Bearing_Degradation
351;101.91;20.52;123.91;923.66;2904.43;Bearing_Degradation
352;101.73;20.4;125.59;920.15;2902.57;Bearing_Degradation
353;102.58;20.78;126.67;919.61;2899.52;Bearing_Degradation
354;102.3;20.76;124.88;910.95;2899.94;Bearing_Degradation
355;103.07;20.92;125.97;906.64;2896.99;Bearing_Degradation
356;102.38;20.77;126.5;916.68;2899.94;Bearing_Degradation
357;103.94;21.17;126.75;907.74;2899.13;Bearing_Degradation
358;102.81;20.8;126.63;906.38;2900.97;Bearing_Degradation
359;103.54;21.37;127.56;911.05;2897.52;Bearing_Degradation
360;104.0;20.73;127.58;906.32;2901.56;Bearing_Degradation
361;103.5;21.22;126.13;904.27;2904.6;Bearing_Degradation
362;104.37;21.28;128.5;909.46;2899.67;Bearing_Degradation
363;103.5;21.08;128.79;896.58;2901.21;Bearing_Degradation
364;105.02;21.37;127.41;901.23;2902.07;Bearing_Degradation
365;104.47;21.59;128.48;896.1;2898.8;Bearing_Degradation
366;104.34;20.95;129.4;895.3;2900.67;Bearing_Degradation
367;104.65;21.54;128.77;898.7;2900.04;Bearing_Degradation
368;105.38;20.99;130.32;892.98;2900.29;Bearing_Degradation
369;104.85;21.35;131.88;891.46;2897.68;Bearing_Degradation
370;104.94;21.92;129.0;891.95;2900.07;Bearing_Degradation
371;105.38;21.53;128.67;884.56;2901.49;Bearing_Degradation
372;105.08;21.47;130.62;881.03;2904.35;Bearing_Degradation
373;106.75;21.71;131.3;878.56;2902.88;Bearing_Degradation
374;105.73;22.22;130.62;873.24;2906.46;Bearing_Degradation
375;106.59;21.49;132.56;887.69;2897.7;Bearing_Degradation
376;106.46;21.7;130.04;873.42;2902.62;Bearing_Degradation
377;106.03;22.26;132.33;875.31;2900.55;Bearing_Degradation
378;106.7;22.38;131.29;873.45;2906.57;Bearing_Degradation
379;107.25;22.04;133.88;874.15;2897.58;Bearing_Degradation
380;106.94;21.86;134.42;874.55;2897.48;Bearing_Degradation
381;107.8;22.58;131.92;873.09;2898.2;Bearing_Degradation
382;107.88;22.53;132.4;865.68;2893.63;Bearing_Degradation
383;108.01;22.4;134.07;865.71;2898.42;Bearing_Degradation
384;107.49;22.15;133.08;865.88;2897.72;Bearing_Degradation
385;107.36;22.36;133.68;862.12;2900.45;Bearing_Degradation
386;107.76;22.39;134.01;867.91;2901.03;Bearing_Degradation
387;108.35;22.54;132.32;861.81;2905.63;Bearing_Degradation
388;108.69;22.81;134.49;861.15;2902.85;Bearing_Degradation
389;107.49;22.75;134.07;859.23;2898.27;Bearing_Degradation
390;108.75;22.41;134.52;859.65;2897.3;Bearing_Degradation
391;109.01;22.95;136.72;854.05;2901.48;Bearing_Degradation
392;108.95;22.79;134.27;846.5;2896.04;Bearing_Degradation
393;109.92;22.92;136.6;851.66;2905.49;Bearing_Degradation
394;109.66;23.13;135.76;845.83;2903.54;Bearing_Degradation
395;110.27;22.66;136.01;844.69;2898.59;Bearing_Degradation
396;109.67;22.93;137.34;847.52;2894.86;Bearing_Degradation
397;110.43;22.88;137.14;848.5;2904.06;Bearing_Degradation
398;110.94;22.72;137.62;842.01;2899.66;Bearing_Degradation
399;110.96;23.16;138.28;841.53;2903.71;Bearing_Degradation
400;109.92;23.64;137.23;845.48;2895.22;Bearing_Degradation
401;110.51;22.82;137.2;838.01;2898.2;Bearing_Degradation
402;110.64;23.24;136.98;845.83;2900.02;Bearing_Degradation
403;111.23;23.42;137.49;836.06;2900.14;Bearing_Degradation
404;111.5;23.37;141.51;825.13;2898.65;Bearing_Degradation
405;110.91;23.38;140.06;833.56;2901.87;Bearing_Degradation
406;111.53;23.19;137.71;830.45;2896.8;Bearing_Degradation
407;110.66;23.55;137.99;832.46;2899.57;Bearing_Degradation
408;112.57;23.4;140.04;828.37;2900.36;Bearing_Degradation
409;111.76;23.17;140.35;823.5;2901.54;Bearing_Degradation
410;112.22;23.9;140.6;817.54;2902.13;Bearing_Degradation
411;112.2;23.9;140.05;819.98;2896.63;Bearing_Degradation
412;113.1;23.77;140.42;815.79;2895.4;Bearing_Degradation
413;111.29;23.86;141.12;815.25;2903.83;Bearing_Degradation
414;112.87;24.08;141.12;818.31;2901.0;Bearing_Degradation
415;112.99;23.96;139.06;821.02;2897.75;Bearing_Degradation
416;113.0;24.15;141.3;814.3;2904.65;Bearing_Degradation
417;114.25;23.96;140.92;806.32;2900.35;Bearing_Degradation
418;113.13;24.33;142.19;811.26;2903.54;Bearing_Degradation
419;114.12;24.18;145.24;812.65;2900.2;Bearing_Degradation
420;114.09;24.21;142.87;803.81;2906.18;Bearing_Degradation
421;114.72;23.97;142.43;804.1;2905.27;Bearing_Degradation
422;113.91;24.33;143.9;803.08;2899.25;Bearing_Degradation
423;114.06;24.16;143.71;798.27;2902.91;Bearing_Degradation
424;115.14;24.25;143.88;802.38;2901.94;Bearing_Degradation
425;114.98;24.27;144.31;797.69;2904.11;Bearing_Degradation
426;114.16;24.27;146.0;798.24;2897.11;Bearing_Degradation
427;114.84;24.96;143.05;791.4;2902.06;Bearing_Degradation
428;115.48;24.85;144.89;791.59;2903.18;Bearing_Degradation
429;115.86;25.02;143.73;794.62;2894.72;Bearing_Degradation
430;115.28;24.44;145.45;788.62;2896.45;Bearing_Degradation
431;114.33;24.75;144.21;795.41;2893.88;Bearing_Degradation
432;116.23;24.53;144.95;785.3;2899.19;Bearing_Degradation
433;115.53;24.7;145.31;786.18;2902.15;Bearing_Degradation
434;115.31;24.71;146.82;787.4;2904.51;Bearing_Degradation
435;115.07;25.19;146.99;776.39;2900.22;Bearing_Degradation
436;117.07;24.92;145.07;773.41;2904.89;Bearing_Degradation
437;116.88;25.26;146.6;772.75;2895.86;Bearing_Degradation
438;116.88;25.22;146.07;782.29;2894.89;Bearing_Degradation
439;117.86;25.61;145.75;773.43;2899.83;Bearing_Degradation
440;117.66;24.91;147.03;784.26;2901.15;Bearing_Degradation
441;118.32;25.51;147.17;770.16;2899.9;Bearing_Degradation
442;116.98;25.53;150.13;771.55;2893.8;Bearing_Degradation
443;117.84;25.16;148.37;775.38;2899.73;Bearing_Degradation
444;117.21;25.61;146.79;775.63;2896.09;Bearing_Degradation
445;118.09;25.53;147.84;774.25;2902.01;Bearing_Degradation
446;118.25;25.47;149.65;769.23;2901.1;Bearing_Degradation
447;118.85;25.4;150.95;766.89;2897.18;Bearing_Degradation
448;118.74;25.47;147.5;763.56;2898.46;Bearing_Degradation
449;119.19;26.07;147.44;762.7;2896.82;Bearing_Degradation
450;119.41;25.72;151.42;755.78;2899.81;Bearing_Degradation
451;120.31;25.93;150.16;753.11;2902.87;Bearing_Degradation
452;119.24;25.66;149.13;754.77;2897.04;Bearing_Degradation
453;119.11;25.72;150.76;752.5;2901.51;Bearing_Degradation
454;119.87;26.14;147.82;749.77;2898.41;Bearing_Degradation
455;119.51;25.7;150.68;752.77;2897.62;Bearing_Degradation
456;120.83;25.94;151.23;752.21;2899.68;Bearing_Degradation
457;120.11;26.08;152.05;747.14;2896.89;Bearing_Degradation
458;120.15;26.15;150.34;751.1;2898.34;Bearing_Degradation
459;120.36;26.14;151.66;739.03;2896.41;Bearing_Degradation
460;121.15;26.31;150.87;741.22;2905.89;Bearing_Degradation
461;120.87;26.42;152.28;737.53;2900.11;Bearing_Degradation
462;120.79;26.48;151.35;731.34;2897.9;Bearing_Degradation
463;122.12;26.19;152.05;736.88;2900.64;Bearing_Degradation
464;121.03;26.38;151.69;735.13;2899.66;Bearing_Degradation
465;121.65;26.73;153.56;740.07;2899.34;Bearing_Degradation
466;122.14;26.72;153.98;734.95;2901.84;Bearing_Degradation
467;121.17;26.32;153.11;726.73;2902.27;Bearing_Degradation
468;122.39;26.71;153.6;736.65;2898.41;Bearing_Degradation
469;121.79;26.3;152.33;732.53;2898.27;Bearing_Degradation
470;122.9;26.76;153.7;728.38;2899.17;Bearing_Degradation
471;122.17;27.18;154.17;723.55;2893.09;Bearing_Degradation
472;123.18;26.66;157.06;719.03;2895.45;Bearing_Degradation
473;123.57;26.74;153.54;719.79;2904.1;Bearing_Degradation
474;123.62;27.11;156.33;724.04;2904.93;Bearing_Degradation
475;123.48;26.7;156.08;725.64;2899.25;Bearing_Degradation
476;123.41;26.93;155.58;722.68;2901.73;Bearing_Degradation
477;123.41;27.23;157.27;712.96;2900.93;Bearing_Degradation
478;124.62;27.04;156.1;708.85;2909.24;Bearing_Degradation
479;123.7;27.17;156.33;712.31;2903.36;Bearing_Degradation
480;123.69;27.41;156.1;703.08;2899.62;Bearing_Degradation
481;124.71;27.4;157.59;709.86;2897.13;Bearing_Degradation
482;124.15;27.42;157.68;706.39;2895.18;Bearing_Degradation
483;124.25;27.35;156.17;703.53;2900.61;Bearing_Degradation
484;124.17;27.54;155.69;697.43;2897.73;Bearing_Degradation
485;124.82;27.49;157.02;704.28;2895.73;Bearing_Degradation
486;125.2;27.66;156.63;698.51;2898.06;Bearing_Degradation
487;125.53;27.52;157.58;694.38;2896.76;Bearing_Degradation
488;126.07;27.64;159.09;685.98;2905.06;Bearing_Degradation
489;126.02;27.53;157.6;695.78;2902.64;Bearing_Degradation
490;125.83;27.77;158.22;701.4;2899.98;Bearing_Degradation
491;126.01;27.67;158.53;699.37;2904.44;Bearing_Degradation
492;126.53;27.66;159.53;689.32;2900.23;Bearing_Degradation
493;127.08;27.98;156.64;687.15;2897.42;Bearing_Degradation
494;126.69;28.03;158.49;689.86;2904.57;Bearing_Degradation
495;126.56;28.19;159.52;682.41;2901.62;Bearing_Degradation
496;126.46;28.0;160.71;686.03;2896.89;Bearing_Degradation
497;126.41;28.22;159.22;686.31;2899.43;Bearing_Degradation
498;127.63;28.3;158.04;686.57;2897.37;Bearing_Degradation
499;127.76;28.33;160.74;679.68;2895.85;Bearing_Degradation
500;127.94;28.13;159.69;677.69;2902.78;Bearing_Degradation
501;127.76;28.38;159.34;673.42;2905.73;Bearing_Degradation
502;128.69;28.47;160.11;672.04;2895.8;Bearing_Degradation
503;127.92;28.45;160.75;672.87;2901.69;Bearing_Degradation
504;128.81;28.08;160.54;673.67;2898.05;Bearing_Degradation
505;128.48;28.58;159.14;674.28;2898.54;Bearing_Degradation
506;128.37;29.04;162.44;665.84;2898.22;Bearing_Degradation
507;129.14;28.58;163.02;673.44;2897.41;Bearing_Degradation
508;129.22;28.56;162.6;664.82;2900.15;Bearing_Degradation
509;129.37;28.83;161.01;664.24;2897.51;Bearing_Degradation
510;129.41;28.87;162.14;659.76;2900.81;Bearing_Degradation
511;129.52;29.1;162.54;651.48;2899.85;Bearing_Degradation
512;130.9;28.66;163.34;663.14;2899.28;Bearing_Degradation
513;130.47;29.11;163.61;660.98;2897.28;Bearing_Degradation
514;130.41;29.13;162.4;655.34;2898.27;Bearing_Degradation
515;130.28;29.04;163.41;655.16;2902.27;Bearing_Degradation
516;130.9;29.19;163.99;655.39;2901.5;Bearing_Degradation
517;130.82;29.37;165.18;645.5;2897.07;Bearing_Degradation
518;130.75;29.4;164.62;648.07;2900.3;Bearing_Degradation
519;130.76;29.05;164.9;651.79;2902.25;Bearing_Degradation
520;131.03;29.49;164.39;642.03;2894.99;Bearing_Degradation
521;129.67;29.36;165.91;646.65;2901.63;Bearing_Degradation
522;131.53;29.44;165.11;638.48;2898.01;Bearing_Degradation
523;131.35;29.49;164.03;644.21;2901.71;Bearing_Degradation
524;132.56;29.5;166.49;640.64;2897.71;Bearing_Degradation
525;131.94;29.82;165.97;632.75;2894.59;Bearing_Degradation
526;131.51;29.61;165.02;642.3;2895.12;Bearing_Degradation
527;132.26;29.46;165.18;633.14;2900.14;Bearing_Degradation
528;131.93;29.66;166.15;631.27;2900.78;Bearing_Degradation
529;132.86;29.82;166.5;633.75;2897.29;Critical_Failure
530;132.95;30.09;166.43;635.98;2901.92;Critical_Failure
531;133.44;30.01;166.73;625.76;2895.02;Critical_Failure
532;132.75;29.77;168.31;628.51;2899.8;Critical_Failure
533;133.32;30.49;167.87;628.41;2896.37;Critical_Failure
534;132.8;30.1;167.18;627.91;2898.04;Critical_Failure
535;134.01;30.35;168.11;624.28;2900.14;Critical_Failure
536;134.08;30.12;166.33;620.55;2897.42;Critical_Failure
537;134.25;30.31;167.94;617.14;2898.85;Critical_Failure
538;134.18;30.42;169.54;619.24;2903.02;Critical_Failure
539;134.55;30.55;167.7;613.05;2898.27;Critical_Failure
540;135.32;30.57;167.26;604.09;2902.51;Critical_Failure
541;134.54;30.58;167.64;615.96;2896.61;Critical_Failure
542;134.93;30.4;167.38;616.27;2901.59;Critical_Failure
543;134.49;30.4;167.87;601.65;2904.32;Critical_Failure
544;134.76;30.62;168.47;605.5;2892.59;Critical_Failure
545;135.42;30.8;167.62;610.46;2897.61;Critical_Failure
546;136.1;30.62;169.22;614.66;2901.73;Critical_Failure
547;135.59;30.93;170.29;604.96;2899.39;Critical_Failure
548;135.77;31.06;168.66;600.41;2901.11;Critical_Failure
549;135.85;30.63;171.27;601.03;2898.19;Critical_Failure
550;135.97;30.7;170.44;605.71;2900.26;Critical_Failure
551;136.55;30.89;171.14;596.07;2899.53;Critical_Failure
552;135.83;31.04;169.63;593.91;2903.5;Critical_Failure
553;137.39;30.92;171.32;593.62;2900.76;Critical_Failure
554;136.59;31.35;169.56;590.18;2901.01;Critical_Failure
555;137.45;31.21;171.72;592.93;2898.76;Critical_Failure
556;136.63;31.19;171.17;597.39;2898.54;Critical_Failure
557;137.77;30.94;171.73;590.63;2898.7;Critical_Failure
558;137.94;31.02;170.18;586.78;2901.18;Critical_Failure
559;137.97;31.39;170.64;585.07;2898.74;Critical_Failure
560;137.45;30.96;172.31;578.44;2900.87;Critical_Failure
561;138.26;31.64;170.94;586.67;2906.23;Critical_Failure
562;137.71;31.46;172.52;581.28;2902.61;Critical_Failure
563;138.34;32.19;170.87;579.32;2899.02;Critical_Failure
564;139.16;32.05;173.26;591.27;2903.6;Critical_Failure
565;139.2;31.61;171.35;578.14;2898.78;Critical_Failure
566;138.98;31.67;173.31;572.39;2893.89;Critical_Failure
567;138.66;31.94;173.55;572.15;2896.98;Critical_Failure
568;139.64;32.13;172.4;576.9;2894.39;Critical_Failure
569;139.5;31.52;173.85;571.22;2898.95;Critical_Failure
570;138.51;31.54;173.7;563.46;2900.06;Critical_Failure
571;140.24;31.83;173.07;571.35;2905.03;Critical_Failure
572;140.0;32.12;172.77;563.46;2900.98;Critical_Failure
573;140.78;32.15;171.99;572.08;2899.34;Critical_Failure
574;139.81;32.32;174.47;567.36;2902.49;Critical_Failure
575;138.93;31.91;172.73;559.71;2893.37;Critical_Failure
576;140.84;31.75;174.56;565.08;2900.71;Critical_Failure
577;141.02;32.43;174.36;558.69;2902.31;Critical_Failure
578;140.19;32.14;175.47;560.29;2895.56;Critical_Failure
579;140.73;31.96;174.66;557.27;2903.43;Critical_Failure
580;142.76;32.45;174.8;550.41;2901.02;Critical_Failure
581;141.4;32.62;176.03;549.68;2898.75;Critical_Failure
582;142.1;32.5;175.8;554.83;2901.9;Critical_Failure
583;141.59;32.48;175.94;547.83;2906.81;Critical_Failure
584;141.03;32.59;176.26;546.02;2900.55;Critical_Failure
585;142.16;32.6;174.42;542.28;2900.74;Critical_Failure
586;142.28;32.45;176.88;546.25;2898.62;Critical_Failure
587;142.38;32.63;176.89;551.27;2897.45;Critical_Failure
588;142.71;32.93;175.43;537.21;2902.49;Critical_Failure
589;143.06;32.94;176.36;540.04;2897.43;Critical_Failure
590;143.03;32.96;176.73;544.06;2900.21;Critical_Failure
591;142.64;32.78;176.8;536.56;2898.57;Critical_Failure
592;143.69;33.0;177.43;537.15;2901.44;Critical_Failure
593;142.64;32.65;178.68;529.56;2901.0;Critical_Failure
594;142.77;33.17;178.49;533.99;2903.11;Critical_Failure
595;144.33;33.47;176.26;529.99;2898.47;Critical_Failure
596;144.38;32.94;178.35;533.15;2899.19;Critical_Failure
597;144.27;33.17;179.22;532.42;2897.06;Critical_Failure
598;143.78;33.41;178.44;536.5;2898.67;Critical_Failure
599;144.3;33.65;179.3;526.93;2901.13;Critical_Failure
600;144.69;33.36;180.38;524.38;2902.27;Critical_Failure
601;144.19;33.36;179.54;522.32;2897.23;Critical_Failure
602;144.8;33.16;178.93;518.6;2902.61;Critical_Failure
603;145.67;33.62;179.88;519.84;2904.07;Critical_Failure
604;146.22;34.06;179.13;515.78;2901.24;Critical_Failure
605;145.48;33.76;179.17;516.1;2905.63;Critical_Failure
606;146.22;33.75;178.95;519.17;2897.68;Critical_Failure
607;145.06;33.87;181.02;508.35;2896.27;Critical_Failure
608;146.51;33.85;178.79;515.4;2894.66;Critical_Failure
609;145.97;33.75;181.29;514.59;2904.49;Critical_Failure
610;146.69;34.13;180.41;507.32;2901.96;Critical_Failure
611;146.58;34.06;178.67;497.78;2899.83;Critical_Failure
612;147.54;34.07;180.58;502.31;2900.84;Critical_Failure
613;146.61;33.92;178.27;508.4;2896.62;Critical_Failure
614;147.55;34.43;181.14;501.6;2907.34;Critical_Failure
615;147.26;34.35;181.56;496.17;2900.39;Critical_Failure
616;147.49;34.16;180.23;496.62;2900.33;Critical_Failure
617;147.65;34.52;181.09;500.48;2902.18;Critical_Failure
618;147.49;34.27;183.07;497.78;2901.44;Critical_Failure
619;148.08;34.27;180.76;493.11;2900.67;Critical_Failure
620;148.22;34.32;180.36;491.08;2897.63;Critical_Failure
621;148.55;34.17;183.04;489.46;2901.41;Critical_Failure
622;148.65;34.68;183.67;485.82;2905.65;Critical_Failure
623;149.18;34.27;181.86;494.45;2904.04;Critical_Failure
624;149.41;34.44;183.02;485.17;2904.78;Critical_Failure
625;148.59;34.32;183.49;489.81;2898.47;Critical_Failure
626;149.71;34.77;181.55;489.51;2897.03;Critical_Failure
627;148.86;34.81;181.95;485.9;2899.62;Critical_Failure
628;149.92;34.82;183.82;478.66;2900.17;Critical_Failure
629;150.12;34.73;184.41;480.48;2903.28;Critical_Failure
630;149.01;34.75;183.44;477.26;2894.92;Critical_Failure
631;150.2;35.14;182.14;472.22;2904.59;Critical_Failure
632;150.08;34.98;185.15;475.62;2899.53;Critical_Failure
633;150.11;35.21;182.77;468.09;2898.72;Critical_Failure
634;151.33;35.02;183.11;476.04;2896.96;Critical_Failure
635;150.5;35.28;183.93;467.91;2895.04;Critical_Failure
636;150.6;35.56;185.28;469.06;2902.47;Critical_Failure
637;151.21;35.47;184.72;467.87;2900.22;Critical_Failure
638;151.68;35.32;184.42;464.19;2896.13;Critical_Failure
639;151.44;35.5;184.61;466.06;2896.11;Critical_Failure
640;152.27;35.46;184.33;460.3;2898.99;Critical_Failure
641;152.14;35.56;184.98;464.17;2905.01;Critical_Failure
642;150.94;35.54;182.03;453.79;2899.22;Critical_Failure
643;151.93;35.63;184.4;458.17;2895.49;Critical_Failure
644;152.09;35.75;185.08;463.91;2899.26;Critical_Failure
645;152.79;35.57;183.82;450.64;2899.18;Critical_Failure
646;151.39;35.61;185.5;450.42;2891.91;Critical_Failure
647;154.17;35.59;185.04;453.68;2899.84;Critical_Failure
648;153.33;35.6;187.14;450.83;2899.31;Critical_Failure
649;153.31;35.73;187.09;450.01;2902.09;Critical_Failure
650;154.01;36.06;185.18;449.05;2905.55;Critical_Failure
651;154.76;35.9;185.63;448.13;2903.38;Critical_Failure
652;154.18;36.23;185.84;448.52;2899.19;Critical_Failure
653;154.39;36.18;185.6;444.21;2896.68;Critical_Failure
654;154.17;35.84;186.38;440.1;2907.72;Critical_Failure
655;154.19;36.41;185.56;442.25;2900.18;Critical_Failure
656;154.2;36.49;185.32;445.65;2900.04;Critical_Failure
657;154.2;36.18;187.2;436.02;2899.93;Critical_Failure
658;154.44;36.52;187.34;431.15;2900.59;Critical_Failure
659;154.28;36.31;186.04;437.97;2899.57;Critical_Failure
660;155.08;36.56;187.87;431.55;2898.28;Critical_Failure
661;154.45;36.34;186.47;421.84;2898.36;Critical_Failure
662;155.56;36.28;187.48;432.42;2899.9;Critical_Failure
663;155.62;36.61;188.18;425.38;2898.37;Critical_Failure
664;155.88;36.72;187.45;425.66;2897.86;Critical_Failure
665;155.72;36.72;188.07;425.85;2900.32;Critical_Failure
666;157.69;36.61;187.23;423.78;2899.24;Critical_Failure
667;157.01;36.82;187.67;424.36;2904.51;Critical_Failure
668;155.86;37.0;187.79;418.28;2892.05;Critical_Failure
669;156.79;36.99;187.38;420.57;2903.27;Critical_Failure
670;156.54;37.09;188.07;415.98;2903.74;Critical_Failure
671;156.5;36.97;186.82;418.48;2893.78;Critical_Failure
672;156.51;37.39;188.01;416.48;2898.97;Critical_Failure
673;157.57;36.97;188.34;408.78;2898.89;Critical_Failure
674;157.18;37.35;188.49;415.37;2895.78;Critical_Failure
675;158.18;37.55;188.63;407.39;2897.67;Critical_Failure
676;158.36;37.46;188.93;411.27;2896.67;Critical_Failure
677;158.74;37.38;189.59;408.01;2905.26;Critical_Failure
678;157.79;37.36;190.11;412.39;2902.81;Critical_Failure
679;158.63;37.73;188.71;402.65;2903.81;Critical_Failure
680;158.88;37.28;188.27;400.65;2902.17;Critical_Failure
681;158.49;37.42;188.56;400.48;2896.61;Critical_Failure
682;158.51;37.59;189.23;397.85;2898.43;Critical_Failure
683;159.88;37.97;189.49;400.77;2901.47;Critical_Failure
684;159.35;37.85;189.19;389.61;2896.33;Critical_Failure
685;159.74;37.63;188.78;390.37;2902.14;Critical_Failure
686;159.18;37.81;189.74;388.82;2899.28;Critical_Failure
687;159.15;37.8;190.49;395.4;2898.88;Critical_Failure
688;159.65;37.84;191.03;396.95;2902.13;Critical_Failure
689;160.05;38.23;189.99;388.2;2901.33;Critical_Failure
690;159.74;37.81;190.25;386.45;2898.92;Critical_Failure
691;160.45;38.46;189.85;385.92;2903.48;Critical_Failure
692;159.77;38.35;190.86;388.79;2896.76;Critical_Failure
693;160.24;38.46;190.16;378.95;2901.85;Critical_Failure
694;161.3;38.2;191.7;382.12;2901.78;Critical_Failure
695;161.44;38.31;189.45;383.58;2899.07;Critical_Failure
696;161.11;38.11;190.99;380.2;2900.98;Critical_Failure
697;160.96;38.34;191.77;377.46;2896.25;Critical_Failure
698;161.14;38.6;191.76;379.22;2902.77;Critical_Failure
699;161.63;38.81;194.39;362.92;2899.45;Critical_Failure
700;162.31;38.38;192.15;374.96;2898.43;Critical_Failure
701;162.64;38.58;190.91;368.14;2903.15;Critical_Failure
702;162.09;38.67;191.93;361.95;2897.89;Critical_Failure
703;161.92;38.47;190.36;369.83;2895.77;Critical_Failure
704;162.81;38.92;192.17;371.8;2895.33;Critical_Failure
705;162.44;38.71;191.53;364.27;2901.82;Critical_Failure
706;162.76;38.87;193.38;367.15;2896.16;Critical_Failure
707;163.87;38.87;192.03;368.3;2905.26;Critical_Failure
708;163.77;38.85;192.57;365.63;2893.75;Critical_Failure
709;163.63;39.06;192.16;365.45;2905.09;Critical_Failure
710;163.08;39.07;194.64;360.38;2900.63;Critical_Failure
711;163.99;39.09;192.69;356.23;2899.71;Critical_Failure
712;164.58;39.07;194.95;348.04;2898.37;Critical_Failure
713;164.04;39.33;194.04;351.98;2901.2;Critical_Failure
714;165.07;39.65;193.81;348.11;2899.89;Critical_Failure
715;165.22;39.4;193.8;358.69;2903.31;Critical_Failure
716;165.57;39.62;193.93;347.82;2900.34;Critical_Failure
717;165.07;39.2;191.72;347.54;2900.45;Critical_Failure
718;165.38;39.56;193.47;347.78;2898.91;Critical_Failure
719;165.96;39.36;194.7;344.27;2899.83;Critical_Failure
720;165.65;39.33;193.91;349.4;2900.92;Critical_Failure
721;165.34;39.53;192.65;338.65;2894.87;Critical_Failure
722;165.54;39.97;194.11;340.44;2895.96;Critical_Failure
723;166.07;39.97;195.97;335.22;2902.23;Critical_Failure
724;165.47;39.88;195.61;331.43;2900.51;Critical_Failure
725;166.21;39.58;194.4;332.79;2899.45;Critical_Failure
726;167.01;39.9;195.52;333.61;2900.06;Critical_Failure
727;165.54;40.05;194.3;330.57;2901.04;Critical_Failure
728;167.57;40.08;193.06;328.05;2898.38;Critical_Failure
729;167.53;39.72;193.94;323.72;2897.67;Critical_Failure
730;166.92;39.97;196.52;327.54;2900.59;Critical_Failure
731;167.58;40.18;194.79;320.38;2897.06;Critical_Failure
732;167.49;40.35;194.91;327.97;2901.22;Critical_Failure
733;168.27;39.86;194.96;323.78;2894.89;Critical_Failure
734;168.33;40.32;197.26;316.15;2903.09;Critical_Failure
735;167.31;40.43;197.08;319.28;2901.42;Critical_Failure
736;168.47;40.62;197.76;316.03;2900.77;Critical_Failure
737;168.25;40.64;195.48;318.85;2902.95;Critical_Failure
738;168.57;40.68;196.03;321.46;2905.0;Critical_Failure
739;168.33;40.45;194.32;307.13;2903.04;Critical_Failure
740;169.73;40.27;197.4;313.63;2894.48;Critical_Failure
741;169.55;40.63;194.85;311.06;2896.16;Critical_Failure
742;168.83;40.96;196.33;312.92;2898.13;Critical_Failure
743;168.71;41.09;195.11;309.62;2900.08;Critical_Failure
744;169.36;41.01;195.71;304.29;2901.55;Critical_Failure
745;169.94;41.0;195.55;304.55;2897.82;Critical_Failure
746;170.02;41.04;195.88;301.18;2900.56;Critical_Failure
747;170.69;40.91;196.03;307.2;2897.73;Critical_Failure
748;170.63;41.04;196.12;301.52;2898.17;Critical_Failure
749;170.89;41.45;197.59;307.58;2895.78;Critical_Failure
750;170.74;40.98;195.74;298.26;2897.23;Critical_Failure
751;170.05;41.55;197.16;294.21;2895.94;Critical_Failure
752;170.82;41.21;198.24;289.53;2897.07;Critical_Failure
753;171.63;41.6;196.6;286.91;2903.16;Critical_Failure
754;171.24;41.1;196.48;286.32;2897.15;Critical_Failure
755;171.71;41.55;197.06;292.26;2907.9;Critical_Failure
756;171.45;41.34;198.56;291.77;2901.48;Critical_Failure
757;171.27;41.25;197.66;281.95;2900.55;Critical_Failure
758;171.89;41.63;197.02;290.39;2897.42;Critical_Failure
759;172.29;41.84;198.12;283.42;2902.1;Critical_Failure
760;171.97;41.52;196.62;284.48;2898.27;Critical_Failure
761;172.35;41.44;198.49;288.88;2900.37;Critical_Failure
762;172.19;41.78;198.3;284.56;2907.68;Critical_Failure
763;173.37;41.83;197.67;278.44;2899.71;Critical_Failure
764;172.84;42.01;197.22;274.49;2903.45;Critical_Failure
765;173.88;42.14;197.26;267.99;2897.89;Critical_Failure
766;174.09;41.99;198.76;272.27;2899.9;Critical_Failure
767;173.47;42.42;199.54;272.84;2905.31;Critical_Failure
768;173.16;42.15;197.75;268.28;2898.12;Critical_Failure
769;172.81;42.09;198.93;270.25;2905.44;Critical_Failure
770;173.28;41.88;196.47;269.63;2902.12;Critical_Failure
771;173.5;42.2;198.05;266.97;2898.31;Critical_Failure
772;175.05;42.24;198.68;263.81;2901.9;Critical_Failure
773;174.59;42.55;197.88;265.63;2902.92;Critical_Failure
774;174.9;42.5;197.94;265.27;2901.87;Critical_Failure
775;173.76;42.22;198.29;257.69;2895.29;Critical_Failure
776;174.44;42.55;199.32;266.24;2897.82;Critical_Failure
777;175.66;42.7;198.92;258.75;2899.26;Critical_Failure
778;175.53;42.92;196.95;257.77;2899.78;Critical_Failure
779;175.49;42.85;197.14;259.08;2901.86;Critical_Failure
780;176.02;42.87;198.74;255.73;2900.53;Critical_Failure
781;176.72;42.78;199.88;257.16;2895.99;Critical_Failure
782;175.97;42.9;196.75;253.04;2901.14;Critical_Failure
783;176.29;43.13;199.07;247.99;2901.83;Critical_Failure
784;176.52;42.66;199.12;250.44;2901.68;Critical_Failure
785;177.79;42.91;201.11;242.97;2903.24;Critical_Failure
786;175.72;42.88;199.41;246.53;2902.5;Critical_Failure
787;177.28;43.16;200.25;244.52;2901.38;Critical_Failure
788;177.05;43.38;200.08;242.37;2899.79;Critical_Failure
789;177.55;43.06;197.88;241.24;2895.02;Critical_Failure
790;177.12;42.76;200.86;232.78;2901.29;Critical_Failure
791;177.6;43.2;200.37;236.67;2900.62;Critical_Failure
792;178.15;43.52;200.74;237.79;2900.81;Critical_Failure
793;179.52;43.5;204.23;236.61;2896.17;Critical_Failure
794;178.54;43.53;198.29;230.42;2896.76;Critical_Failure
795;177.89;43.44;202.17;238.15;2903.16;Critical_Failure
796;178.27;43.29;200.23;228.17;2899.88;Critical_Failure
797;178.43;43.7;200.87;234.07;2902.04;Critical_Failure
798;177.93;43.48;200.61;230.46;2900.08;Critical_Failure
799;178.83;44.14;200.3;224.73;2900.09;Critical_Failure
800;179.54;43.87;200.22;232.97;2902.81;Critical_Failure
801;178.7;43.69;201.19;219.65;2898.45;Critical_Failure
802;180.04;43.73;199.41;226.66;2900.29;Critical_Failure
803;179.92;43.89;201.74;225.55;2898.61;Critical_Failure
804;179.49;43.91;200.64;217.42;2898.7;Critical_Failure
805;179.95;44.23;199.99;224.23;2899.07;Critical_Failure
806;181.0;44.1;200.74;216.22;2900.67;Critical_Failure
807;180.73;43.96;202.51;216.94;2898.56;Critical_Failure
808;180.55;44.54;200.78;215.39;2903.77;Critical_Failure
809;180.59;44.22;201.74;212.37;2897.32;Critical_Failure
810;180.92;44.42;200.72;214.71;2899.44;Critical_Failure
811;180.8;44.19;202.27;213.21;2898.68;Critical_Failure
812;180.18;44.44;202.26;201.6;2904.34;Critical_Failure
813;182.42;44.48;203.48;212.38;2900.59;Critical_Failure
814;181.65;44.1;201.52;199.07;2903.1;Critical_Failure
815;181.94;44.92;202.43;208.42;2895.54;Critical_Failure
816;181.89;44.83;201.92;207.36;2900.8;Critical_Failure
817;181.73;44.55;203.18;197.05;2902.67;Critical_Failure
818;182.17;44.46;201.22;198.34;2900.25;Critical_Failure
819;181.64;44.8;202.75;194.13;2903.2;Critical_Failure
820;183.74;44.8;201.87;196.26;2898.45;Critical_Failure
821;182.17;44.91;202.06;194.45;2904.23;Critical_Failure
822;182.44;44.93;202.27;197.37;2906.9;Critical_Failure
823;182.9;45.04;202.49;198.06;2898.91;Critical_Failure
824;183.93;45.28;202.18;196.97;2898.66;Critical_Failure
825;183.48;45.15;202.57;187.71;2904.36;Critical_Failure
826;183.02;44.88;203.99;187.69;2904.74;Critical_Failure
827;184.43;45.41;203.45;180.36;2898.43;Critical_Failure
828;184.34;45.52;203.39;182.44;2898.74;Critical_Failure
829;184.42;45.87;202.12;188.09;2899.15;Critical_Failure
830;184.67;45.07;201.74;189.27;2895.97;Critical_Failure
831;185.68;45.39;203.64;176.44;2897.24;Critical_Failure
832;185.75;44.98;203.62;177.58;2896.99;Critical_Failure
833;184.49;45.56;204.27;178.41;2897.7;Critical_Failure
834;185.82;45.39;202.25;178.21;2899.9;Critical_Failure
835;185.37;45.94;202.67;172.43;2900.7;Critical_Failure
836;185.61;45.45;201.32;175.94;2904.65;Critical_Failure
837;184.67;45.32;202.62;170.92;2897.0;Critical_Failure
838;185.61;45.62;204.06;171.33;2902.95;Critical_Failure
839;185.46;45.36;202.64;172.15;2899.36;Critical_Failure
840;186.45;45.96;203.8;168.56;2899.85;Critical_Failure
841;186.75;45.45;203.02;165.37;2902.02;Critical_Failure
842;185.34;45.92;203.59;165.25;2896.63;Critical_Failure
843;186.54;45.55;202.17;163.91;2901.15;Critical_Failure
844;187.29;45.95;203.45;161.36;2900.5;Critical_Failure
845;186.81;46.4;200.42;160.38;2901.48;Critical_Failure
846;187.43;46.19;203.27;166.39;2900.87;Critical_Failure
847;187.43;46.0;201.88;160.82;2907.37;Critical_Failure
848;187.58;46.22;204.76;155.97;2898.09;Critical_Failure
849;187.44;46.28;204.38;158.52;2898.41;Critical_Failure
850;187.14;46.42;204.12;152.98;2898.13;Critical_Failure
851;187.36;46.1;205.22;157.58;2898.33;Critical_Failure
852;188.45;46.55;202.79;152.95;2898.09;Critical_Failure
853;188.29;45.94;205.53;149.62;2903.57;Critical_Failure
854;188.38;46.41;204.76;150.42;2904.26;Critical_Failure
855;188.4;46.49;203.64;140.93;2898.29;Critical_Failure
856;188.63;46.76;205.06;141.29;2897.5;Critical_Failure
857;189.48;46.69;202.86;139.6;2901.41;Critical_Failure
858;188.96;46.46;203.18;143.53;2898.34;Critical_Failure
859;188.63;46.59;203.44;148.47;2901.9;Critical_Failure
860;189.84;46.88;203.56;149.05;2900.61;Critical_Failure
861;189.53;46.88;203.08;141.26;2895.45;Critical_Failure
862;189.84;46.83;205.4;139.3;2904.64;Critical_Failure
863;190.8;46.9;203.96;128.68;2905.39;Critical_Failure
864;190.15;47.19;204.61;132.3;2898.16;Critical_Failure
865;190.47;47.0;203.73;129.9;2898.84;Critical_Failure
866;189.92;47.13;202.52;129.15;2900.86;Critical_Failure
867;190.57;47.64;204.65;129.55;2901.0;Critical_Failure
868;191.15;46.97;202.5;126.92;2901.98;Critical_Failure
869;190.25;46.94;204.39;119.48;2906.03;Critical_Failure
870;191.29;47.51;203.13;128.98;2899.47;Critical_Failure
871;191.41;47.27;206.52;120.28;2897.61;Critical_Failure
872;191.55;47.39;205.48;124.12;2895.86;Critical_Failure
873;192.22;47.35;204.71;130.05;2897.81;Critical_Failure
874;192.04;47.51;205.91;116.67;2899.9;Critical_Failure
875;192.8;47.94;203.83;108.81;2905.38;Critical_Failure
876;191.72;47.83;205.26;116.38;2898.45;Critical_Failure
877;192.46;47.89;204.95;120.52;2900.67;Critical_Failure
878;192.61;47.49;205.05;122.54;2899.95;Critical_Failure
879;192.21;47.59;206.09;108.38;2903.57;Critical_Failure
880;193.4;47.31;205.59;113.88;2907.58;Critical_Failure
881;194.24;47.76;205.17;108.62;2898.41;Critical_Failure
882;193.24;48.17;203.26;108.65;2898.53;Critical_Failure
883;193.68;48.13;203.99;118.25;2903.13;Critical_Failure
884;193.64;48.03;204.86;100.25;2902.05;Critical_Failure
885;193.42;48.13;205.11;105.87;2905.54;Critical_Failure
886;193.03;48.04;203.92;105.32;2901.75;Critical_Failure
887;193.75;48.27;207.49;106.39;2898.92;Critical_Failure
888;193.59;48.44;206.63;101.03;2901.77;Critical_Failure
889;195.31;48.01;205.74;100.47;2903.33;Critical_Failure
890;194.57;48.45;205.24;96.27;2902.46;Critical_Failure
891;194.63;48.63;204.99;97.51;2901.52;Critical_Failure
892;195.42;48.41;204.28;93.65;2903.2;Critical_Failure
893;194.59;48.68;205.33;96.11;2903.51;Critical_Failure
894;194.94;49.16;205.54;90.74;2904.15;Critical_Failure
895;195.52;48.63;204.07;92.33;2901.95;Critical_Failure
896;196.17;48.77;205.67;89.3;2899.5;Critical_Failure
897;196.08;48.6;205.21;92.52;2900.44;Critical_Failure
898;196.13;48.84;203.48;86.41;2903.62;Critical_Failure
899;196.2;48.94;204.56;78.13;2897.55;Critical_Failure
900;196.54;48.94;205.03;88.87;2901.11;Critical_Failure
901;196.61;48.75;207.36;78.8;2898.82;Critical_Failure
902;196.17;49.05;206.05;78.41;2900.09;Critical_Failure
903;196.89;49.35;204.18;77.24;2903.84;Critical_Failure
904;196.49;49.2;206.03;83.72;2900.57;Critical_Failure
905;197.24;49.35;204.02;68.29;2900.14;Critical_Failure
906;197.13;49.16;206.67;87.98;2895.92;Critical_Failure
907;198.82;49.41;205.14;78.26;2902.24;Critical_Failure
908;197.7;49.37;205.54;73.53;2901.94;Critical_Failure
909;197.2;49.18;206.98;71.02;2906.49;Critical_Failure
910;197.99;49.48;204.39;70.99;2899.08;Critical_Failure
911;198.49;49.27;204.3;70.54;2900.66;Critical_Failure
912;199.24;49.39;205.13;69.64;2900.75;Critical_Failure
913;198.29;49.61;206.78;67.89;2904.73;Critical_Failure
914;197.96;49.68;204.24;64.63;2899.71;Critical_Failure
915;199.33;49.44;202.94;62.09;2900.84;Critical_Failure
916;198.4;49.94;205.34;60.88;2901.82;Critical_Failure
917;199.04;49.89;206.37;59.31;2900.56;Critical_Failure
918;199.3;49.69;207.03;63.23;2898.66;Critical_Failure
919;199.57;49.57;205.39;59.68;2900.58;Critical_Failure
920;200.13;49.91;205.46;44.16;2903.22;Critical_Failure
921;199.6;49.89;207.04;57.15;2896.92;Critical_Failure
922;199.98;50.06;204.03;53.92;2900.4;Critical_Failure
923;200.28;50.01;205.53;51.67;2897.9;Critical_Failure
924;200.54;49.74;206.12;48.8;2903.59;Critical_Failure
925;200.68;50.11;206.4;53.46;2895.43;Critical_Failure
926;201.02;50.18;205.45;51.37;2898.32;Critical_Failure
927;201.4;50.42;206.01;43.1;2901.13;Critical_Failure
928;201.36;50.21;203.5;46.43;2904.7;Critical_Failure
929;201.55;50.73;205.34;39.53;2899.8;Critical_Failure
930;200.7;50.07;206.47;36.51;2898.33;Critical_Failure
931;201.7;50.76;205.05;38.14;2905.64;Critical_Failure
932;202.07;50.5;206.1;42.71;2895.66;Critical_Failure
933;202.36;50.77;206.5;41.68;2893.4;Critical_Failure
934;201.84;50.67;205.72;38.54;2901.32;Critical_Failure
935;202.02;50.93;206.25;38.0;2898.49;Critical_Failure
936;202.23;50.68;205.12;35.78;2896.94;Critical_Failure
937;202.97;50.59;205.89;29.77;2902.13;Critical_Failure
938;203.39;51.14;206.72;32.68;2900.73;Critical_Failure
939;202.83;50.89;206.27;32.77;2898.31;Critical_Failure
940;203.66;51.01;205.54;31.2;2896.16;Critical_Failure
941;203.45;51.26;206.36;31.56;2902.62;Critical_Failure
942;203.5;50.86;206.85;28.25;2901.95;Critical_Failure
943;203.62;51.24;204.1;25.44;2899.7;Critical_Failure
944;204.28;51.05;207.31;26.94;2905.54;Critical_Failure
945;204.23;51.19;205.83;21.17;2896.79;Critical_Failure
946;205.37;51.28;206.59;16.37;2895.42;Critical_Failure
947;203.98;51.02;207.37;17.86;2897.92;Critical_Failure
948;204.84;51.22;204.81;14.15;2899.86;Critical_Failure
949;204.49;51.7;205.48;13.05;2900.73;Critical_Failure
950;204.49;51.66;205.9;13.8;2899.28;Critical_Failure
951;205.1;51.52;205.41;9.83;2901.06;Critical_Failure
952;205.34;51.63;207.93;10.39;2896.25;Critical_Failure
953;206.91;51.58;205.34;2.67;2904.33;Critical_Failure
954;205.52;51.96;205.65;9.72;2899.75;Critical_Failure
955;205.23;51.7;206.41;7.49;2903.35;Critical_Failure
956;206.1;51.83;205.01;2.85;2901.03;Critical_Failure
957;205.1;52.07;205.82;7.37;2901.37;Critical_Failure
958;206.26;51.74;206.53;7.11;2901.71;Critical_Failure
959;206.49;52.25;205.88;-4.44;2901.34;Critical_Failure
960;207.05;51.69;206.12;-2.44;2901.93;Critical_Failure
961;207.31;52.37;205.68;-3.08;2903.99;Critical_Failure
962;206.74;52.02;204.7;-3.76;2900.59;Critical_Failure
963;207.09;52.1;206.54;3.32;2902.13;Critical_Failure
964;206.95;51.82;207.97;-0.78;2899.73;Critical_Failure
965;206.95;52.16;206.23;-1.06;2904.32;Critical_Failure
966;207.83;52.09;206.44;-8.02;2897.97;Critical_Failure
967;207.22;52.24;206.91;2.54;2905.4;Critical_Failure
968;207.81;52.38;204.94;-4.96;2899.88;Critical_Failure
969;207.69;52.65;207.92;0.24;2895.71;Critical_Failure
970;208.64;52.55;206.42;1.11;2900.38;Critical_Failure
971;209.43;52.62;207.85;5.44;2897.96;Critical_Failure
972;208.06;52.39;205.48;-5.24;2902.52;Critical_Failure
973;207.95;52.49;208.03;-12.08;2898.04;Critical_Failure
974;208.99;53.07;206.99;0.74;2898.66;Critical_Failure
975;209.22;52.62;206.77;7.2;2894.33;Critical_Failure
976;209.5;53.15;206.45;4.96;2898.64;Critical_Failure
977;209.33;52.82;205.97;0.84;2892.73;Critical_Failure
978;209.63;52.92;207.41;-1.97;2895.25;Critical_Failure
979;210.1;53.19;206.35;3.23;2902.28;Critical_Failure
980;210.61;53.28;204.25;-3.89;2902.36;Critical_Failure
981;209.28;53.05;205.1;1.91;2901.28;Critical_Failure
982;210.24;53.05;206.03;2.02;2897.1;Critical_Failure
983;210.7;53.17;206.52;4.24;2899.86;Critical_Failure
984;210.31;53.3;206.16;11.04;2899.99;Critical_Failure
985;211.8;53.46;207.43;1.57;2896.52;Critical_Failure
986;210.8;53.34;204.26;-2.04;2904.51;Critical_Failure
987;211.27;53.51;206.36;-0.1;2902.63;Critical_Failure
988;211.73;53.76;204.4;-7.08;2899.34;Critical_Failure
989;211.33;53.56;206.97;-2.78;2900.08;Critical_Failure
990;210.88;53.6;206.12;-1.64;2900.63;Critical_Failure
991;211.75;53.28;206.63;-2.1;2893.87;Critical_Failure
992;212.66;53.12;205.35;0.61;2899.26;Critical_Failure
993;212.14;53.77;207.49;-3.29;2897.95;Critical_Failure
994;212.06;53.73;207.26;4.48;2897.0;Critical_Failure
995;213.12;53.69;206.8;0.0;2899.16;Critical_Failure
996;212.67;53.9;206.08;-0.04;2905.39;Critical_Failure
997;212.75;53.89;206.79;-1.31;2901.92;Critical_Failure
998;213.24;54.18;205.51;0.62;2898.29;Critical_Failure
999;213.73;54.02;207.07;3.3;2901.72;Critical_Failure
1000;214.71;53.91;207.86;-3.47;2904.2;Critical_Failure
1001;214.11;54.31;207.28;-2.63;2902.77;Critical_Failure
1002;214.44;54.11;205.48;-1.21;2900.18;Critical_Failure
1003;213.78;54.31;206.58;-5.38;2898.06;Critical_Failure
1004;213.69;54.17;204.92;-3.28;2902.09;Critical_Failure
1005;214.41;54.18;206.79;-1.9;2901.18;Critical_Failure
1006;214.61;54.38;206.66;3.5;2902.69;Critical_Failure
1007;214.18;54.42;204.34;1.05;2901.91;Critical_Failure
1008;214.81;54.56;205.05;0.77;2903.15;Critical_Failure
1009;215.26;54.46;205.93;3.4;2898.39;Critical_Failure
1010;215.42;54.2;205.91;-0.55;2903.95;Critical_Failure
1011;215.66;54.54;205.0;1.56;2900.59;Critical_Failure
1012;215.73;54.84;206.6;-0.41;2906.23;Critical_Failure
1013;215.49;54.66;206.47;1.06;2897.93;Critical_Failure
1014;215.67;54.73;206.02;-2.33;2905.21;Critical_Failure
1015;215.49;55.03;205.46;-9.76;2900.59;Critical_Failure
1016;217.15;54.74;207.26;-0.54;2898.05;Critical_Failure
1017;216.44;54.62;207.87;5.69;2898.55;Critical_Failure
1018;216.49;54.95;205.73;3.7;2899.04;Critical_Failure
1019;216.32;54.94;205.6;3.86;2901.27;Critical_Failure
1020;218.42;54.89;206.71;4.94;2901.57;Critical_Failure
1021;216.58;55.1;205.86;0.35;2898.28;Critical_Failure
1022;217.08;55.29;206.07;0.79;2899.93;Critical_Failure
1023;217.68;55.24;206.95;-2.47;2906.43;Critical_Failure
1024;217.95;55.36;204.3;-1.26;2905.18;Critical_Failure
1025;218.29;55.71;207.53;2.46;2901.31;Critical_Failure
1026;218.89;55.33;206.29;4.82;2900.11;Critical_Failure
1027;218.41;55.5;205.8;-0.56;2900.36;Critical_Failure
1028;217.8;55.4;206.12;-1.8;2901.84;Critical_Failure
1029;218.36;55.38;206.18;0.0;2896.93;Critical_Failure
1030;218.82;55.48;204.48;2.4;2899.23;Critical_Failure
1031;219.87;55.55;207.71;-5.78;2894.99;Critical_Failure
1032;218.32;55.78;206.26;-9.18;2901.2;Critical_Failure
1033;219.79;56.23;206.66;-2.2;2901.94;Critical_Failure
1034;219.44;55.66;207.17;-4.88;2898.55;Critical_Failure
1035;219.95;55.78;205.19;-2.03;2904.72;Critical_Failure
1036;219.64;55.9;206.69;-0.59;2896.32;Critical_Failure
1037;219.44;56.04;205.95;-1.81;2895.61;Critical_Failure
1038;220.42;56.07;207.06;5.81;2900.67;Critical_Failure
1039;220.55;56.32;204.09;1.31;2903.14;Critical_Failure
1040;220.88;55.63;206.11;1.2;2905.05;Critical_Failure
1041;220.55;55.69;205.61;2.49;2898.62;Critical_Failure
1042;220.43;56.12;206.65;-4.56;2903.24;Critical_Failure
1043;220.12;56.49;206.68;4.16;2899.88;Critical_Failure
1044;221.48;56.01;205.51;-0.3;2899.48;Critical_Failure
1045;221.46;55.77;205.5;2.68;2902.65;Critical_Failure
1046;220.94;56.54;206.1;-4.29;2901.96;Critical_Failure
1047;221.31;56.52;205.32;-6.22;2895.27;Critical_Failure
1048;221.53;56.31;207.06;3.27;2904.43;Critical_Failure
1049;221.2;56.38;205.84;1.51;2904.14;Critical_Failure
1050;221.69;56.44;203.31;-3.61;2898.12;Critical_Failure
